Actual LTV,Predicted LTV
1525.0,1524.8560000000007
469.3,468.9184999999996
1329.25,1329.4315000000001
2036.85,2033.8454999999992
176.7,176.27500000000003
89.4,89.29999999999994
4204.2,4207.338499999997
1372.5,1373.0299999999995
1807.0,1806.8105000000007
5626.5,5626.1895
344.2,344.23449999999974
600.0,599.1620000000001
967.2,966.4995000000004
735.5,735.8070000000001
7366.4,7361.963000000004
2050.4,2050.0190000000007
93.55,93.55350000000003
3386.85,3387.0415
1966.8,1964.5019999999995
5970.25,5967.2724999999955
1033.6,1033.9075000000005
1443.6,1442.7919999999992
256.75,256.97349999999983
4547.099999999999,4550.336000000001
140.3,140.37500000000003
2173.75,2174.1724999999997
848.1,847.6350000000003
308.8,308.8449999999999
449.4,449.1195
727.35,727.6695
4474.400000000001,4477.626999999996
69.5,69.51050000000004
3120.0,3120.4209999999966
6835.5,6838.436999999996
188.5,187.49650000000003
240.0,240.19350000000003
1710.9,1710.2729999999992
49.8,49.823000000000036
3735.6,3734.549500000002
1400.7,1399.5134999999982
208.05,208.85699999999983
1332.8000000000002,1332.3964999999987
116.7,116.80799999999998
1429.2,1430.7815000000007
5823.200000000001,5821.924499999999
4731.75,4727.251500000002
7493.6,7499.082500000003
3185.6,3188.6000000000017
74.9,74.95499999999993
634.5,633.9064999999995
472.15,472.7139999999999
3951.0,3948.2
2288.1000000000004,2289.8420000000006
8211.6,8198.078000000005
4054.9,4052.999999999996
69.9,69.90399999999988
1147.5,1147.5585000000008
272.1,271.8200000000003
4890.2,4888.935500000001
1074.6,1073.5490000000013
80.85,80.83250000000012
430.5,430.3444999999999
1346.4,1346.5410000000006
6656.400000000001,6653.861999999995
1389.6,1389.6305000000013
3440.8,3445.2380000000003
535.15,535.4995
6098.400000000001,6100.958499999996
776.0999999999999,775.5079999999996
5648.400000000001,5649.218500000001
50.75,50.754499999999965
1432.8,1431.8175000000006
497.1,497.3379999999997
875.5999999999999,875.8585
20.95,20.94450000000003
361.8,361.7584999999999
2808.5,2808.4664999999977
969.6,970.0475000000002
8460.0,8485.493999999997
4367.900000000001,4368.646500000002
19.45,19.45150000000003
869.0,870.378
980.4,980.1099999999986
3025.75,3025.645
1203.6,1203.1559999999997
2684.3,2680.3954999999983
5327.7,5325.120000000004
2726.5,2724.510000000001
890.75,892.1284999999992
5774.400000000001,5779.936000000001
1315.1999999999998,1314.851999999999
2788.55,2789.909499999998
948.5,948.9594999999994
1680.0,1680.4579999999996
3880.75,3880.1249999999964
1458.0,1460.42
1350.0,1348.5795
630.4499999999999,631.5839999999996
293.70000000000005,294.026
1414.5,1414.3659999999995
1177.05,1177.0969999999986
6813.6,6811.1285000000025
2317.2,2318.7554999999966
2177.5,2177.9434999999994
55.55,55.47599999999993
7599.599999999999,7596.839999999997
2659.8,2660.7155
1942.2,1944.637500000001
682.65,683.1074999999998
1451.4,1451.2259999999997
6933.150000000001,6943.883000000002
456.5,457.8620000000004
5925.599999999999,5926.249000000002
1259.05,1259.5805000000005
1734.0,1734.441499999999
44.6,44.57950000000003
1386.0,1386.1519999999998
3961.0,3965.4235000000017
1487.4,1487.6159999999986
807.6999999999999,806.9325000000007
301.4,301.8604999999996
353.8,353.2215000000002
7462.8,7460.982000000002
455.4,455.83600000000035
375.75,375.4004999999999
592.15,592.0045000000003
102.5,102.441
3247.6,3246.219
403.2000000000001,403.3935000000002
858.0,858.3829999999999
3056.6000000000004,3055.688999999999
19.9,19.900000000000038
594.0,593.5040000000004
4206.599999999999,4208.489499999997
1192.1,1192.1209999999996
5590.25,5590.3265
1094.8,1093.5919999999999
932.8,932.6805000000007
5832.0,5831.682499999999
2008.8,2010.0990000000013
316.0,315.7970000000001
2424.0,2423.0135000000023
3348.8,3347.908999999997
1357.5,1356.9219999999996
606.0,605.5690000000005
3716.4,3715.5944999999965
8406.0,8408.559499999992
2469.25,2469.5690000000004
45.4,45.36950000000005
453.0,452.6475
1165.5,1165.1600000000005
45.2,45.179500000000026
6098.400000000001,6099.099499999998
4006.8,4006.950000000001
408.6,408.1424999999999
4402.65,4403.7339999999995
1913.6,1912.0559999999998
3202.5,3203.408
216.25,216.69000000000014
1092.65,1093.3219999999997
2261.25,2261.2919999999995
889.8000000000001,888.6415000000001
1522.8,1523.3090000000002
19.4,19.401500000000034
2919.3,2920.278
848.2500000000001,848.0360000000001
853.65,853.2435
1520.25,1520.0859999999989
94.6,95.01500000000004
1877.7,1881.3275
161.9,162.04000000000005
4305.0,4305.523999999999
1795.3,1799.4489999999996
294.75,294.6485
2801.75,2802.608499999996
4399.5,4403.002000000003
2423.05,2421.9955000000014
1122.0,1122.9269999999992
3352.2,3352.9759999999987
6997.25,6996.253500000001
46.3,46.20950000000002
1043.2,1042.4969999999994
4950.0,4949.602999999999
24.9,24.856000000000012
169.6,170.31650000000016
4662.0,4662.88
2712.0,2712.6699999999996
426.5,426.45
5085.35,5082.0599999999995
25.25,25.249499999999998
166.05,165.4964999999999
269.54999999999995,269.4694999999997
6793.8,6793.533499999996
1315.6,1315.490999999999
5428.8,5430.220500000001
1155.7,1156.4310000000007
6379.349999999999,6382.8
6116.6,6114.858499999994
151.8,151.64900000000006
5798.4,5794.4475
449.9,450.05450000000025
2825.55,2825.3694999999984
6225.0,6231.947499999998
3054.9,3054.951499999999
679.6,679.672
497.35,497.35399999999964
472.8,473.10349999999994
505.2000000000001,504.8490000000002
3730.35,3733.0470000000046
140.0,140.00349999999995
328.95000000000005,329.4274999999996
378.0,378.0989999999997
5285.0,5291.225500000004
79.6,79.60150000000006
2082.5,2081.8024999999993
2061.8,2060.7184999999986
1127.5,1125.5194999999999
2434.05,2431.8155000000042
1309.1,1310.7680000000003
2852.8500000000004,2851.0730000000003
1426.0,1426.1865000000003
1286.4,1287.2385000000002
6133.6,6134.511000000003
1188.8,1189.1929999999993
71.1,71.11200000000008
3573.5,3575.308499999997
239.7,239.6790000000001
2383.2,2381.876500000001
6620.400000000001,6621.205499999999
19.75,19.7495
1545.35,1545.4139999999989
24.8,24.760000000000005
4970.0,4973.8405
5407.650000000001,5406.189500000004
772.2,771.6804999999995
91.1,91.1965
4777.6,4780.9810000000025
723.6,723.9479999999992
1147.5,1147.1129999999994
1850.7,1853.3075000000013
1470.1,1469.2089999999982
2280.05,2281.375499999999
1134.3,1134.159999999999
2532.6,2529.224499999999
2427.2,2425.485000000002
4744.900000000001,4745.8060000000005
378.1,378.12699999999967
1297.8000000000002,1298.661
5482.05,5481.610499999998
1697.65,1697.7205000000001
2599.35,2599.1980000000035
366.3,365.9614999999997
2206.6,2205.561499999999
70.3,70.30550000000011
89.9,89.95250000000009
393.8,393.80300000000005
458.7000000000001,458.25550000000044
1937.75,1935.4330000000004
2961.85,2958.6434999999997
1858.4,1858.0895000000007
387.0,387.596
50.8,50.911
4396.4,4399.452499999999
6755.650000000001,6760.169999999996
2059.0,2056.1600000000017
5203.2,5204.360999999997
73.65,73.60000000000008
20.05,20.050499999999968
4224.5,4225.944999999997
259.35,259.3659999999997
2240.1,2241.167
5774.099999999999,5776.274500000002
120.6,120.64300000000004
2274.3,2270.3659999999986
153.6,153.73899999999995
1112.05,1111.9404999999988
2010.0,2009.480500000001
1501.55,1500.0115000000008
361.8,361.8109999999999
1546.15,1546.878
3910.0,3912.9180000000015
326.4,326.161
1827.1,1828.2624999999998
5022.0,5028.5480000000025
3026.8,3027.5374999999995
405.0,404.6525
6220.8,6225.385
406.35,406.70700000000005
7642.8,7637.265499999995
2704.8,2706.252999999999
4978.400000000001,4975.847
45.85,45.8415
2470.8,2469.4704999999994
1053.15,1053.1065000000003
245.8,246.11550000000003
1373.1,1373.369
2593.5,2594.7470000000026
1253.55,1253.9320000000014
647.9,648.9959999999993
69.6,69.58750000000008
81.4,81.48149999999995
1070.3,1070.6950000000015
5220.0,5217.489
414.6,414.04999999999995
1288.5,1288.375000000001
3788.1,3787.436500000002
5759.0,5757.047499999999
3006.0,3007.040499999999
150.45,150.48850000000013
1684.85,1684.6650000000006
2627.4,2626.597499999999
4320.0,4320.246499999997
773.25,773.9624999999994
779.8000000000001,780.4965000000001
74.45,74.40749999999994
1437.0,1437.5150000000006
415.8,415.59199999999976
3319.8,3320.006999999996
5833.75,5834.2585
4083.65,4084.804500000001
760.0500000000001,759.9175000000001
1428.0,1426.7355000000002
3163.2,3161.796500000002
7021.0,7026.200999999997
2342.6,2339.195500000001
132.89999999999998,132.55899999999986
1794.0,1795.2375000000006
3420.0,3420.9509999999987
3289.0,3291.836999999998
2182.8,2182.8280000000013
5427.5,5429.648000000003
2245.5,2243.9125000000017
1766.4,1765.5805000000018
366.6,366.17849999999964
5681.599999999999,5680.755999999995
994.0,993.052000000001
1102.4,1101.1265000000003
7902.0,7900.937500000005
917.7,917.4940000000001
1409.35,1408.8935000000015
1734.6999999999998,1734.0465000000006
1341.3000000000002,1341.8750000000002
3076.8,3079.0154999999986
621.4499999999999,621.1799999999998
570.4,570.0325000000001
3459.2,3462.0949999999984
4836.0,4837.536500000001
1972.5,1971.4085000000016
6992.7,6994.8530000000055
5964.3,5965.604000000004
1735.2,1735.0580000000007
79.35,79.31450000000004
44.15,44.120000000000026
1092.0,1092.9799999999996
2210.0,2209.0805
251.25,251.71100000000024
947.4,946.870499999999
371.75,372.69049999999993
50.65,50.66
2964.75,2958.3435000000004
2093.0,2094.629500000001
20.3,20.29849999999997
7430.150000000001,7430.578000000005
1206.4499999999998,1206.1834999999985
368.1,366.8344999999997
1204.0,1203.2379999999994
5942.4,5941.564500000003
5488.0,5485.010499999999
1038.7,1037.1984999999993
3526.2,3526.4365000000016
167.39999999999998,167.50400000000016
69.4,68.50799999999995
3154.0,3150.7924999999996
2522.8,2524.7934999999993
2301.2,2300.573000000002
1652.55,1652.105000000001
1345.95,1344.7710000000015
4742.8,4743.932499999999
4386.5,4385.817499999999
19.3,19.28499999999998
732.6,732.6714999999999
2758.7,2753.867500000002
2211.9500000000003,2210.5625
6819.75,6821.5745000000015
1500.25,1500.1169999999997
19.45,19.45250000000003
5434.0,5431.226500000002
1523.5,1523.9549999999997
688.5,688.24
673.75,673.7280000000001
20.2,20.20000000000003
2466.75,2467.186499999999
5137.65,5139.681000000006
5469.4,5473.221999999997
1679.7,1680.784000000001
4269.9,4275.1375
1010.1,1009.3395000000003
5779.2,5777.796000000001
6521.200000000001,6524.4850000000015
1007.1,1007.0294999999999
2130.1,2132.49
944.3,943.6224999999996
119.0,119.0990000000002
788.0,785.6954999999997
4489.6,4489.911999999996
5308.8,5309.388500000002
1394.0,1393.7155000000016
1743.35,1742.935999999998
917.7,917.364
2972.2000000000003,2967.060999999999
113.4,113.12350000000009
7094.75,7090.997999999997
1519.8000000000002,1519.6384999999989
4794.0,4793.459999999997
5394.0,5396.768000000006
1181.6,1182.8844999999994
1892.4,1890.7649999999994
55.7,55.717499999999966
5491.849999999999,5488.4024999999965
5514.65,5513.762999999998
1090.8,1093.2494999999994
7142.2,7137.726
377.2,377.8739999999998
295.0,295.075
1042.75,1042.9934999999991
3459.35,3460.807999999999
3216.0,3217.1555000000003
75.9,75.88150000000002
633.15,633.7919999999997
1891.05,1890.3185000000003
50.15,50.13699999999998
373.25,373.85799999999995
3344.4,3344.3639999999987
3182.65,3184.2985000000003
74.45,74.41399999999992
5005.85,5007.961500000001
3785.0,3781.8695000000025
6867.3,6864.585000000001
3229.2,3230.136
547.4,547.2690000000001
181.2,181.41850000000005
4694.5,4695.8865000000005
1989.0,1990.7905
25.2,25.2245
5915.7,5913.503999999994
156.8,157.00700000000012
6248.0,6247.589499999998
1228.5,1228.0465
5412.799999999999,5411.5295000000015
143.3,143.12799999999996
123.6,123.86799999999995
975.0,975.4105000000004
5407.2,5405.228500000003
1643.0500000000002,1642.3980000000013
1116.0,1116.537999999999
6204.25,6205.394999999999
1177.4,1177.1989999999987
5756.200000000001,5757.2999999999965
3841.2,3844.942500000003
6359.5,6358.845499999996
754.3000000000001,754.4410000000003
928.2,928.4699999999995
2216.5,2214.9705000000004
4752.0,4752.1225
5698.35,5703.548499999997
6241.05,6235.727999999995
7172.349999999999,7177.540999999998
1691.75,1693.2165000000014
403.4,403.621
2830.0,2830.2259999999997
520.5,520.2324999999997
2697.0,2696.4069999999974
8088.5,8097.725999999999
1792.8,1789.2165000000011
48.6,48.67049999999999
88.35,88.68550000000005
4672.8,4675.630999999998
5644.0,5646.030999999999
5623.299999999999,5621.795000000007
592.4,592.3694999999998
549.5,549.2959999999999
38.8,38.688000000000024
935.3,934.7679999999996
180.7,180.95449999999997
4118.25,4121.773
1230.3,1229.6174999999996
671.5500000000001,671.779
1500.0,1499.3865000000005
8272.800000000001,8277.571999999996
48.45,48.613
1262.4,1261.8390000000009
241.5,241.66199999999978
1303.8000000000002,1303.0699999999995
2755.4,2753.7905000000014
600.6,599.5415
191.0,190.9055000000001
6417.700000000001,6411.755500000004
39.9,39.93550000000003
4165.0,4164.774500000002
486.15,485.8869999999998
8215.199999999999,8201.454000000003
5023.2,5027.973999999998
6786.0,6785.646000000001
3294.9,3293.9809999999998
4650.45,4651.334000000002
360.9,361.11400000000043
2529.0,2527.2469999999985
1377.5,1377.500000000001
863.1,863.5289999999993
7575.7,7579.4890000000005
4746.349999999999,4746.475
6020.8,6021.184000000003
3874.4,3875.412499999997
1525.0,1524.8020000000001
1851.3,1853.4885000000017
992.0,992.6285000000009
536.9,537.2015000000002
2506.5,2506.223499999999
179.1,179.1530000000001
2840.75,2843.2309999999984
4157.25,4157.630499999998
69.55,69.55000000000008
1302.6,1302.9519999999998
293.70000000000005,294.12399999999997
825.6,826.0699999999997
1707.65,1707.3059999999996
1545.7,1545.706499999999
805.0500000000001,805.1340000000007
4018.5,4020.4664999999995
4596.75,4596.615500000003
1960.2,1959.5770000000016
5774.35,5776.3175
6753.5,6752.070999999992
4300.0,4303.542000000003
678.0,677.4105000000006
1084.2,1084.499999999999
591.25,590.8295000000003
2301.75,2300.3225000000016
2168.4,2170.6405000000013
79.25,79.18049999999991
7218.25,7216.630500000002
75.55,75.48649999999996
8064.799999999999,8063.809500000004
1447.5,1448.874499999999
2354.4,2358.4875000000006
178.2,178.27300000000005
4330.900000000001,4334.835000000002
891.9,892.5225000000002
2661.75,2661.5425000000005
907.1,905.4694999999999
3870.3,3868.6959999999963
19.75,19.7505
5273.45,5269.661499999999
5256.0,5257.9845000000005
306.75,306.8899999999998
297.6,297.50200000000007
220.0,219.88400000000001
1279.8,1279.7029999999997
6283.7,6279.535
140.8,140.72699999999998
2210.0,2210.9670000000006
1495.5,1496.2485000000001
6379.2,6382.9755
1372.35,1373.6779999999997
1673.25,1672.8979999999992
4802.4,4803.447500000004
1619.2,1622.4625000000003
487.9,486.87749999999954
4252.2,4255.5255000000025
362.7,362.7419999999999
357.5,357.1095000000003
161.2,161.18000000000004
74.3,74.28200000000011
3112.2000000000003,3114.323499999996
991.65,992.0495000000009
3474.2,3476.1875
2982.4,2983.4494999999997
207.45,207.87150000000003
6930.0,6936.818500000002
1152.6,1152.3705
753.35,753.1909999999998
6606.75,6602.4345
200.0,200.01300000000003
3212.8,3214.895
455.5,455.60700000000026
4870.4,4872.3354999999965
154.2,153.57399999999984
700.1999999999999,701.0649999999994
408.4,408.25949999999995
2913.6,2914.610500000002
48.8,48.60149999999998
443.7,443.6360000000004
1045.2,1045.3034999999998
1591.1999999999998,1590.7314999999994
55.25,55.252499999999955
135.79999999999998,136.01199999999983
801.2,800.581
982.8,982.7319999999996
250.9,251.51050000000004
4404.0,4404.149500000004
5112.450000000001,5116.8215
1368.5,1368.7514999999992
1650.15,1649.5260000000003
540.5999999999999,540.3429999999997
1051.35,1051.9945000000005
1620.0,1622.3325000000002
896.0,894.6815000000003
3956.4,3949.3935
5468.650000000001,5473.050999999998
3726.45,3730.525500000003
1729.35,1729.2400000000002
20.75,20.743500000000004
3465.5,3465.757999999999
20.25,20.249000000000002
1033.5,1032.5984999999994
618.75,619.4254999999999
3734.4,3733.0315000000032
60.15,60.08350000000003
277.4,277.7205000000002
152.5,152.66299999999987
4184.4,4178.256500000002
3206.9500000000003,3206.408500000001
174.3,173.96700000000007
8239.55,8252.421999999999
6141.599999999999,6139.272000000001
3850.0,3850.7605000000003
482.4,483.1015000000003
1095.6,1094.4350000000004
2400.75,2402.041499999998
4703.4,4701.3189999999995
521.3000000000001,520.2355
1251.0,1250.445499999999
36.45,35.79100000000004
1162.4,1162.0399999999993
49.75,49.80500000000003
531.9,533.4349999999994
1600.0,1598.7125
1933.75,1933.8770000000004
3504.6,3503.9965000000016
3422.5,3422.326499999999
5095.0,5095.206499999997
1305.0,1303.2920000000006
69.25,69.22049999999994
4102.0,4100.816000000005
415.75,415.8109999999999
1520.0,1520.0779999999986
661.65,662.6010000000007
2494.8,2494.9654999999984
3729.3,3731.2905000000014
1326.6,1326.2965
4640.400000000001,4641.328500000004
1687.05,1686.2635000000007
1002.05,1001.6025000000013
2555.0,2555.3785000000007
7172.55,7179.464999999997
4641.2,4642.533000000001
4123.799999999999,4124.610500000002
70.65,70.6635
240.6,240.76149999999978
1356.3,1356.1945000000019
359.1,358.5570000000002
6242.4,6236.953499999999
1436.4,1436.3570000000002
4458.3,4460.444999999998
148.8,148.98449999999994
460.0,460.37150000000025
6348.1,6347.188999999997
437.4,437.7129999999999
2689.6,2690.5359999999955
125.7,124.56249999999994
5252.5,5249.37
1182.75,1182.7894999999994
1202.4,1202.1575000000005
4135.599999999999,4133.751000000003
6897.650000000001,6899.243000000005
4143.45,4143.701499999999
1820.45,1819.5624999999993
100.5,100.6120000000001
2226.25,2228.1505000000006
806.8,807.1430000000001
74.25,74.29650000000011
301.4,301.8779999999996
4125.0,4124.396500000002
49.55,49.541000000000025
867.3,866.1495000000002
3200.0,3203.3809999999994
196.0,195.37200000000007
88.8,88.9355
1266.75,1266.285500000001
1578.2,1577.0479999999993
7665.0,7671.537500000001
917.7,917.4869999999999
592.8,592.571
967.2,966.6354999999999
1021.8,1021.7830000000008
6779.5,6778.348999999998
147.45,147.14050000000003
636.8,637.3354999999997
1335.4,1334.525499999999
49.65,49.78250000000002
2024.4,2023.1894999999984
8082.0,8072.413500000008
3791.15,3793.6884999999993
19.75,19.7495
2389.2,2390.8819999999982
1503.5,1501.7425000000003
198.0,197.71699999999998
6174.1,6172.3685
76.0,76.005
8094.0,8099.826500000001
51.25,51.087999999999944
1374.0,1373.4819999999993
78.45,78.50799999999998
399.6,399.2845000000002
7070.0,7072.555000000004
3211.8,3215.1774999999993
155.6,156.04299999999992
380.4,380.08749999999986
1340.3,1340.8275000000003
3546.15,3544.9829999999984
4680.5,4680.9225
7319.400000000001,7321.188999999991
2462.9500000000003,2460.8880000000004
2536.0,2537.5135000000023
4862.0,4866.639
45.1,45.09150000000002
101.25,101.16699999999999
1133.9,1134.0359999999996
518.6999999999999,519.2114999999999
1336.65,1333.8654999999999
2698.0,2696.8484999999982
1422.0,1422.6644999999996
95.6,94.9845000000001
315.0,315.6990000000003
953.7,953.6575000000013
7543.8,7551.764000000003
6005.45,6002.7824999999975
778.6999999999999,776.4659999999999
734.45,734.5829999999992
2025.4,2023.7099999999984
957.6,958.6730000000003
55.3,55.26899999999994
208.6,208.89399999999998
5707.099999999999,5708.808500000001
2720.25,2720.6944999999996
928.2,928.2089999999994
124.1,124.24199999999999
41.3,41.219000000000015
4548.599999999999,4550.690000000001
1745.6999999999998,1744.7799999999986
3396.0,3395.450000000003
4799.55,4800.766500000002
484.55,484.6455000000003
749.6999999999999,750.5604999999999
6464.55,6465.8875
6297.0,6298.033
887.0,887.1989999999994
8323.199999999999,8314.884499999991
4763.2,4762.247
6523.2,6527.845999999996
351.90000000000003,352.7930000000001
344.75,345.43649999999997
8032.5,8038.817000000006
1750.0,1749.9194999999986
4302.8,4307.212499999997
4263.900000000001,4264.219000000002
20.0,19.995500000000003
220.55,220.7829999999998
2667.7,2663.4050000000016
924.0,923.6020000000012
523.8,523.6394999999997
4844.0,4845.190000000006
490.95,490.4795000000005
43.95,44.007
80.05,80.07199999999995
3938.7,3942.548000000004
750.5,751.1429999999999
7735.0,7735.531000000001
1331.1,1331.6314999999997
3332.7,3332.404999999997
474.0,473.8669999999999
1449.9,1450.2604999999987
7520.400000000001,7516.581500000004
3171.0,3170.144499999999
3777.3,3775.8620000000024
3917.6,3916.2760000000007
7206.5,7203.087499999999
6244.45,6244.705499999997
1108.8,1109.3714999999997
1634.0,1632.0540000000008
5295.25,5292.525000000002
1105.8,1105.9170000000004
585.8,585.5595000000002
1735.95,1736.0150000000008
3039.0,3040.272499999998
1703.75,1704.5315000000007
1294.65,1293.5650000000003
577.3000000000001,576.9185000000002
410.4,410.7814999999998
18.8,18.880499999999994
493.2,494.4145000000001
1049.3,1047.961
994.7,994.016000000001
7941.599999999999,7945.039000000007
2856.0,2855.281000000002
4984.8,4983.155499999996
2967.0,2963.0914999999995
5399.55,5398.3530000000055
4473.099999999999,4469.677499999996
19.2,19.205000000000027
39.5,39.38450000000001
1728.9,1728.9405000000015
277.2,277.4015000000001
5652.0,5651.246
4294.2,4292.264000000003
1555.05,1551.5725
20.2,20.20000000000003
355.8,355.60850000000045
6600.0,6600.518500000002
434.0,435.2930000000002
5734.2,5736.097000000002
347.2,347.13550000000004
168.1,168.02100000000016
700.0,700.2429999999999
20.2,20.20000000000003
1543.3,1542.7044999999978
5295.5,5292.277000000005
121.7,121.83649999999989
89.3,89.33700000000005
771.4,771.0664999999992
490.69999999999993,490.4080000000006
5595.0,5590.367500000002
98.4,98.5755
180.8,180.91449999999998
600.0,599.1559999999998
7457.099999999999,7453.544999999996
106.35,105.62850000000009
523.8,523.7725000000005
193.2,193.459
291.75,291.04699999999997
628.25,629.4764999999995
20.25,20.249000000000002
991.2,991.0180000000005
2803.5,2803.041
1257.0,1257.0355000000013
171.45000000000002,171.22949999999986
158.4,158.17199999999997
30.5,30.069999999999972
70.1,70.09600000000007
5309.9,5312.650500000004
1173.9,1172.1144999999992
6532.0,6536.298000000005
443.3,443.00350000000014
758.2,757.9825000000003
460.2,459.92900000000037
69.35,69.36100000000002
2706.0,2706.804999999999
79.5,79.55400000000012
4173.75,4179.5705
75.30000000000001,75.3295
1911.6,1912.8619999999987
6072.900000000001,6066.4685000000045
220.25,220.87249999999977
330.0,329.47149999999965
987.35,987.3544999999998
96.25,96.43899999999996
188.0,187.95900000000023
8253.75,8264.265000000007
5856.5,5856.1309999999985
2436.75,2437.6430000000046
517.05,516.8950000000003
1837.8,1839.4245000000003
2970.0,2966.2449999999994
6153.150000000001,6153.109000000001
50.75,50.73450000000002
2881.5,2876.903000000003
2511.6,2513.2335000000003
841.5,841.9595000000002
141.75,141.88649999999998
322.0,321.50000000000017
1795.1999999999998,1799.0939999999996
3996.0,3994.568000000003
6411.599999999999,6408.127999999997
2028.0,2029.9589999999987
1444.5,1441.4854999999995
300.75,300.13999999999993
5979.3,5977.050999999994
6512.400000000001,6511.328999999998
1261.0,1261.1890000000017
1236.0,1235.5629999999996
1431.1,1431.8029999999992
3581.9,3582.494
557.9,557.6235
400.0,399.9835000000001
4461.599999999999,4461.953499999997
2391.6000000000004,2392.5479999999993
195.0,194.83250000000007
4052.7,4052.948499999996
4346.099999999999,4343.002000000004
713.9000000000001,714.0455000000001
4816.5,4814.640000000006
3394.0,3393.7810000000013
3135.0,3135.8894999999993
190.3,190.14100000000005
5484.5,5481.970499999999
626.5,624.7829999999998
358.70000000000005,357.5400000000003
3476.55,3473.5414999999985
1323.9,1323.6230000000005
4003.65,4003.4220000000014
378.0,377.8249999999997
5929.0,5926.385999999998
5080.049999999999,5081.763999999998
483.6,483.8185000000004
5586.0,5586.953
4083.3,4085.3940000000016
1573.35,1574.1555000000005
1029.0,1028.1124999999997
3843.7,3847.133500000003
638.9499999999999,639.2900000000002
906.4,904.237
3698.4,3701.504999999997
5527.2,5527.546000000001
88.3,88.61750000000005
113.7,113.99199999999993
1435.1999999999998,1435.7460000000003
5334.6,5334.128500000005
2493.9500000000003,2495.8345
1355.4,1355.4464999999996
70.1,70.09600000000007
6415.2,6410.153999999994
100.25,100.22850000000003
225.9,225.85949999999997
6451.200000000001,6453.260999999995
4847.45,4848.740500000005
4362.599999999999,4359.391499999999
479.55,479.89549999999997
168.4,167.55000000000007
1244.8,1244.584500000001
799.2,799.5875
1601.4,1601.9004999999993
19.65,19.64900000000003
7239.599999999999,7238.710499999998
1502.25,1501.2430000000002
4833.0,4831.300000000002
835.5,835.4129999999993
95.65,95.77100000000007
308.0,308.03499999999985
5021.1,5028.411
44.8,44.7395
48.55,48.62700000000001
54.5,54.41950000000001
5356.400000000001,5357.285999999996
2135.0,2134.8834999999995
1914.0,1913.9144999999983
19.5,19.496000000000002
4675.0,4674.7175
3290.25,3291.96
3900.0,3900.0069999999973
53.95,54.20150000000004
450.4,450.2799999999999
1576.0,1575.4669999999996
4783.8,4784.231499999998
74.7,74.6904999999999
6105.599999999999,6105.763999999996
2235.6000000000004,2235.4494999999997
1103.2,1104.0144999999998
5273.5,5269.026999999999
2549.75,2548.3090000000016
7862.400000000001,7860.8100000000095
817.8499999999999,817.2199999999995
6963.0,6964.083000000004
1675.8,1676.5530000000008
21.05,21.029499999999988
1734.4,1734.4235
157.2,157.2160000000002
375.75,375.4099999999999
693.0,691.8735000000005
2083.8,2082.0809999999988
348.75,348.47850000000005
767.6,767.8149999999998
75.3,75.32050000000011
3355.8,3355.5059999999976
3167.5,3167.6005
38.7,38.65199999999999
69.6,69.58950000000009
58.1,58.55999999999999
153.0,152.75849999999986
4020.05,4020.6444999999985
51.25,51.00999999999995
6310.5,6311.422
1830.55,1829.4879999999994
1256.4,1256.7539999999997
30.55,29.79649999999999
263.2,262.6664999999999
5713.2,5712.183000000002
1432.6,1431.6135000000013
2189.6000000000004,2190.970500000001
39.7,39.68299999999998
1187.2,1186.7490000000003
5374.099999999999,5368.457999999998
3990.0,3989.3129999999965
5417.200000000001,5416.748000000001
140.6,140.66300000000018
20.05,20.04849999999997
3137.55,3136.884
5229.200000000001,5227.2464999999975
651.0,650.4344999999992
3797.75,3796.560500000001
1272.6,1272.3919999999994
5500.0,5503.128499999999
2637.5,2639.528000000001
6458.400000000001,6456.969000000001
484.8,484.36350000000004
3874.5,3876.1399999999953
3348.8,3346.6344999999983
456.3,456.9660000000001
2934.4,2934.6290000000004
309.75,310.36899999999963
1864.8,1864.5645000000002
4365.400000000001,4369.176000000001
1600.0,1599.6195000000016
184.0,183.746
3379.6,3380.267499999999
777.1,775.9244999999999
1050.5,1052.1055000000008
85.0,84.99300000000002
1036.2,1036.7259999999992
6514.200000000001,6515.482999999999
5316.3,5316.940000000005
2127.4,2130.4829999999997
420.0,419.0405
897.3000000000001,897.2235000000002
394.0,393.87800000000004
1795.5,1799.2714999999996
7062.25,7062.271000000003
5996.1,5996.177999999999
3343.6,3342.4815
160.4,160.27499999999984
5016.0,5008.105000000005
3540.6,3542.6619999999994
2402.35,2401.1699999999973
7470.0,7467.503000000001
578.4000000000001,579.0160000000003
208.6,208.859
6081.900000000001,6082.731000000003
7929.45,7929.034000000007
4892.7,4891.285000000002
4685.900000000001,4685.173500000004
106.9,107.50150000000006
303.0,302.8950000000001
210.9,211.0925000000001
6579.15,6577.842999999998
79.05,79.09300000000005
347.6,347.57150000000007
316.04999999999995,316.38199999999995
1536.0,1537.4695000000002
2185.15,2185.692000000001
824.0,825.0784999999993
6238.8,6236.9565
5349.6,5350.022500000001
4018.5,4020.1190000000006
80.2,80.1754999999999
8211.6,8197.086000000003
19.75,19.75
1331.2,1330.9525000000003
124.75,124.4085
445.5,446.16499999999974
1107.0,1106.8734999999997
1336.5,1334.0419999999992
515.0,515.8095000000004
771.4,771.1524999999991
141.4,141.3939999999998
108.7,109.09999999999992
495.25,495.535
225.6,225.61300000000006
89.1,89.06049999999998
1054.6999999999998,1055.2669999999987
340.85,341.6035000000003
3122.0,3124.5929999999976
2367.5,2368.474999999998
20.3,20.29749999999997
49.55,49.56450000000002
487.2000000000001,486.80049999999994
273.15,273.2825000000001
1130.4,1131.1030000000005
4125.0,4124.043000000002
1918.05,1916.5924999999982
50.45,50.50399999999997
1814.4,1814.4384999999984
198.5,197.99900000000002
3545.1000000000004,3543.675
1757.25,1756.235
2045.25,2044.6355000000005
1117.2,1117.1954999999987
703.0,703.0595000000008
163.0,163.2010000000001
2718.3,2719.335999999998
651.6999999999999,650.5124999999992
1190.0,1190.4939999999992
1943.7,1945.9925000000012
2475.35,2476.752
2522.8,2527.3454999999994
4929.4,4931.47
1517.4,1517.4479999999987
3309.75,3309.151000000002
25.35,25.32700000000001
59.55,59.54200000000001
2142.0,2140.4319999999984
394.75,394.9775000000001
4311.9,4311.934499999996
255.45,254.82100000000014
284.54999999999995,284.87699999999984
681.75,681.6524999999997
1352.4,1352.9979999999996
614.25,612.6484999999998
4564.0,4554.022999999998
7952.400000000001,7956.616999999998
4938.75,4940.562000000003
1571.6999999999998,1572.217499999999
4916.400000000001,4918.8719999999985
20.1,20.10899999999997
727.9000000000001,727.8394999999999
546.7,546.7010000000001
1716.0,1716.3015000000012
234.8,235.14950000000016
1264.5,1265.2085000000009
50.75,50.72999999999995
3240.0,3240.508499999998
348.3,348.38950000000017
1063.8,1065.1894999999993
3258.0,3258.0915000000005
808.5,808.908
488.94999999999993,489.4850000000005
2389.2,2390.9599999999978
149.8,149.78199999999993
4677.700000000001,4675.741
188.4,188.39050000000017
334.9,334.3925
3772.8,3773.4700000000007
6350.95,6352.5324999999975
5071.900000000001,5073.485
846.5999999999999,846.4599999999996
7527.45,7527.021500000007
6831.5,6829.510999999999
68.5,68.7759999999999
567.6999999999999,567.567
220.0,219.72950000000003
8004.0,8001.767000000001
1361.5,1361.5095000000003
4640.400000000001,4641.595000000004
516.9499999999999,516.2924999999998
208.95,209.05499999999986
6188.400000000001,6190.852999999999
1491.2,1490.276499999999
761.9,761.9835
70.85,70.85300000000008
42.9,43.68250000000006
1409.1,1408.8230000000008
225.15,225.10049999999998
3813.25,3819.285
8229.6,8233.279500000008
1635.2,1635.7290000000007
45.75,45.71549999999996
650.4000000000001,649.5329999999994
898.0,897.5435000000002
296.25,296.2
1305.0,1303.328500000001
5058.9,5059.4585000000025
3762.0,3762.2795000000006
5194.75,5191.4574999999995
7639.2,7637.753499999992
320.0,320.08500000000004
1192.8,1192.6425000000004
4140.5,4138.608
6052.2,6051.9490000000005
6548.400000000001,6547.121000000001
200.0,200.23300000000017
6194.75,6195.850999999996
1497.0,1497.3544999999983
1498.5,1496.5349999999994
379.0,379.1784999999998
7148.900000000001,7148.991
5858.1,5858.468499999997
797.55,796.8954999999994
5465.2,5463.517999999994
3771.5,3773.352999999999
7707.05,7711.132999999999
244.05,243.91949999999994
224.55,224.19900000000004
339.15,338.87249999999995
3144.75,3141.9855
5997.599999999999,5997.478500000002
809.75,809.9079999999998
5462.1,5463.281499999998
2750.4,2749.6394999999984
1223.3,1221.776999999999
1677.6,1678.3000000000009
4170.400000000001,4167.135500000001
3143.4,3143.1835000000005
1800.0,1799.9575000000007
2859.4,2859.8025000000016
3230.0,3229.5890000000013
6903.599999999999,6903.320000000002
94.4,94.03800000000008
92.0,91.99900000000004
8290.800000000001,8282.689000000006
6758.400000000001,6764.050999999999
2745.0,2745.4335000000015
1486.5,1487.2739999999997
2921.15,2922.9964999999997
1148.55,1148.2389999999998
5672.4,5669.416500000001
1113.0,1114.1959999999985
356.40000000000003,356.7255000000002
6904.8,6904.392000000002
2715.6,2713.5535
1041.4499999999998,1042.008499999999
2129.4,2131.4035
481.5,481.519
6960.099999999999,6953.923000000002
714.15,713.5405000000002
3178.6,3176.9134999999997
4036.2,4035.122500000003
4976.400000000001,4975.241999999999
69.65,69.65649999999991
325.6,325.2735000000002
8384.4,8381.847499999998
2992.0,2992.4850000000006
3874.0,3873.643499999999
2649.4,2642.6425
4735.25,4737.740000000001
4972.0,4975.145999999999
24.75,24.709999999999987
160.5,160.30199999999985
686.0,686.0884999999997
663.3000000000001,663.3300000000008
1528.5,1529.4265000000003
6548.400000000001,6545.819500000001
44.0,43.92700000000001
2414.45,2415.5655000000006
596.5,596.6165000000003
101.75,101.88049999999997
5155.650000000001,5153.929500000003
1604.8000000000002,1604.762999999999
5340.400000000001,5335.851000000004
879.0,879.586
1826.4,1825.7934999999998
2832.0,2830.2899999999995
232.2,232.2805
2282.75,2283.3470000000007
561.1500000000001,561.2290000000002
24.4,24.41950000000003
100.4,100.25299999999997
3248.0,3245.8480000000004
44.0,43.989000000000004
2418.0,2418.4140000000016
651.2,650.3159999999992
653.4,654.7414999999997
1455.5,1452.3069999999996
201.5,201.17000000000007
984.0,984.9894999999998
3702.3,3702.564499999996
171.3,171.40300000000002
474.25,473.78600000000006
2645.2,2642.231
89.3,89.29899999999996
7299.599999999999,7298.072999999996
69.65,69.65749999999989
4170.0,4165.005
1410.0,1410.401
6776.25,6774.858000000002
7160.4,7159.955999999998
1490.4,1490.399999999998
810.0,809.7109999999997
2610.0,2612.1110000000017
89.25,89.22000000000004
1038.6,1038.0589999999988
4279.0,4277.0805
223.2,223.38100000000003
1035.0,1035.5715
5248.8,5246.581499999999
351.6,351.75649999999996
40.0,40.004
572.0,572.6685000000001
1396.0,1397.4684999999993
4716.0,4714.538999999999
4398.55,4403.5705
948.2,948.1504999999992
55.05,55.00849999999998
6465.599999999999,6467.16
1500.0,1499.1369999999995
2334.15,2334.5344999999993
832.3000000000001,832.169
43.95,44.00200000000002
3643.2,3646.1759999999977
74.2,74.2250000000001
2033.2,2031.4534999999992
45.3,45.29500000000007
2083.4,2082.3474999999985
5644.799999999999,5648.4394999999995
69.8,69.81400000000012
2329.6,2335.2605000000003
252.75,252.70049999999992
3774.6,3774.1025000000022
19.5,19.4965
1797.3,1798.9319999999996
365.4,365.4909999999997
331.79999999999995,331.49150000000026
19.1,19.108500000000003
943.5,943.5534999999988
80.3,80.19399999999995
717.75,717.0279999999996
6386.400000000001,6383.695500000007
603.0,603.3829999999999
774.1500000000001,775.6569999999997
3309.25,3309.4265000000037
7740.0,7737.130000000004
949.45,949.5789999999994
5014.8,5009.288500000003
4911.75,4910.000500000002
7156.8,7159.389999999998
4857.0,4852.520000000006
8449.199999999999,8429.6565
445.5,446.15099999999984
3678.8,3682.7860000000005
7387.55,7389.5149999999985
6092.9,6093.514500000002
4424.2,4428.569999999998
7902.0,7900.888500000006
152.39999999999998,152.7444999999999
182.25,182.27
1320.0,1318.6094999999998
1030.25,1032.3845
1687.0,1687.5130000000013
19.2,19.202500000000025
121.5,121.39749999999998
4276.349999999999,4273.500999999998
2571.2,2569.7540000000013
6070.2,6068.356499999998
304.79999999999995,304.87399999999997
2195.1,2194.259999999996
5877.0,5876.426999999997
1166.4,1166.7674999999995
210.9,211.04850000000013
19.3,19.285999999999976
40.7,40.767999999999944
1210.5,1210.2009999999993
7781.599999999999,7782.7985
1574.1999999999998,1574.688
252.9,252.6179999999999
45.3,45.30350000000007
3678.3,3684.049499999999
2532.7000000000003,2530.1409999999996
2942.05,2937.9875000000006
3433.75,3433.2305000000006
874.5,874.3150000000003
1687.1999999999998,1686.8100000000018
821.6999999999999,821.1079999999995
2147.5,2146.7220000000007
588.9,588.7675000000004
319.6,320.159
904.8,904.3159999999999
5792.400000000001,5787.884500000003
1403.5,1403.7129999999988
6911.05,6910.920999999999
1620.0,1622.1599999999996
6419.2,6414.143500000006
630.0,631.9239999999998
49.3,49.25750000000002
6015.599999999999,6020.009500000001
6760.3,6762.061499999995
350.0,349.99949999999995
1335.6,1334.7209999999989
1200.65,1200.1570000000004
7898.75,7900.350000000009
73.5,73.5710000000001
691.1999999999999,691.3855000000003
467.5,467.0875
418.8,418.1625
4912.5,4910.283000000002
59.55,59.55100000000002
5266.900000000001,5265.7075
546.5999999999999,546.6300000000002
127.25,127.55699999999997
7055.0,7058.426500000004
1065.4,1065.7679999999993
2701.5,2701.841999999998
3520.55,3519.191000000002
7814.25,7815.827999999995
697.95,698.3430000000003
5612.55,5612.237999999999
429.8,429.43449999999996
1045.0,1044.8189999999997
497.5,497.4519999999999
5630.8,5632.714500000003
19.1,19.117499999999996
3604.0,3606.375000000004
5011.150000000001,5007.666500000003
1315.8000000000002,1316.5774999999994
1101.6,1100.5755000000001
50.45,50.50800000000001
19.05,19.027500000000007
1134.6,1134.0800000000002
1457.3,1457.273999999999
3878.0,3877.508499999996
1807.2,1807.1320000000017
